[
  {
    "name": "dsaas",
    "number": "2131"
  },
  {
    "name": "dsaasdd",
    "number": "2131d"
  },
  {
    "name": "",
    "number": ""
  },
  {
    "name": "sad",
    "number": "32144"
  },
  {
    "name": "",
    "number": "321443"
  },
  {
    "name": "Guarav",
    "number": "9888"
  },
  {
    "name": "Ashish",
    "number": "12233"
  },
  {
    "name": "Ashish ",
    "number": "32132121"
  },
  {
    "name": "absad",
    "number": "3244342"
  },
  {
    "name": "rajeev",
    "number": "9454671415"
  },
  {
    "name": "satyam",
    "number": "556"
  },
  {
    "name": "Vikash Kumar Goswami",
    "number": "+918840015750"
  }
]